gadm_district,gadm_state,year,month,mean_radiance,pixel_count
Nicobar Islands,Andaman and Nicobar,2023,1,0.006282529328018427,177298
North and Middle Andaman,Andaman and Nicobar,2023,1,0.010402754880487919,274186
South Andaman,Andaman and Nicobar,2023,1,0.023390058428049088,174575
Anantapur,Andhra Pradesh,2023,1,0.3913715183734894,152930
Chittoor,Andhra Pradesh,2023,1,0.4335407316684723,157410
East Godavari,Andhra Pradesh,2023,1,0.5279208421707153,107712
Guntur,Andhra Pradesh,2023,1,0.5845624804496765,107829
Krishna,Andhra Pradesh,2023,1,0.45776137709617615,130720
Kurnool,Andhra Pradesh,2023,1,0.38444679975509644,143350
Nellore,Andhra Pradesh,2023,1,0.4585779011249542,112326
Prakasam,Andhra Pradesh,2023,1,0.40905484557151794,137940
Srikakulam,Andhra Pradesh,2023,1,0.3275125324726105,85347
Visakhapatnam,Andhra Pradesh,2023,1,0.53154456615448,121290
Vizianagaram,Andhra Pradesh,2023,1,0.3161071538925171,63879
West Godavari,Andhra Pradesh,2023,1,0.5779181718826294,68244
Y.S.R.,Andhra Pradesh,2023,1,0.33248966932296753,133590
Anjaw,Arunachal Pradesh,2023,1,0.10296310484409332,24552
Anjaw,Arunachal Pradesh,2023,1,0.1500747799873352,46537
Changlang,Arunachal Pradesh,2023,1,0.20538312196731567,69930
Dibang Valley,Arunachal Pradesh,2023,1,0.19516535103321075,71819
East Kameng,Arunachal Pradesh,2023,1,0.1532556563615799,38407
East Siang,Arunachal Pradesh,2023,1,0.12075544893741608,16692
East Siang,Arunachal Pradesh,2023,1,0.1050407886505127,39601
Kurung Kumey,Arunachal Pradesh,2023,1,0.1498297154903412,55968
Lohit,Arunachal Pradesh,2023,1,0.1666909009218216,37125
Lohit,Arunachal Pradesh,2023,1,0.13350507616996765,1475
Longding,Arunachal Pradesh,2023,1,0.1616419553756714,10323
Lower Dibang Valley,Arunachal Pradesh,2023,1,0.18708284199237823,13167
Lower Dibang Valley,Arunachal Pradesh,2023,1,0.19958311319351196,35047
Lower Subansiri,Arunachal Pradesh,2023,1,0.15792492032051086,39377
Namsai,Arunachal Pradesh,2023,1,0.4437572956085205,4482
Papum Pare,Arunachal Pradesh,2023,1,0.2436375468969345,40970
Tawang,Arunachal Pradesh,2023,1,0.19408884644508362,18032
Tirap,Arunachal Pradesh,2023,1,0.2666723132133484,8829
Upper Siang,Arunachal Pradesh,2023,1,0.1379946619272232,86105
Upper Subansiri,Arunachal Pradesh,2023,1,0.12176582217216492,78048
West Kameng,Arunachal Pradesh,2023,1,0.15162955224514008,78070
West Siang,Arunachal Pradesh,2023,1,0.13897813856601715,84091
Baksa,Assam,2023,1,0.3347872793674469,21528
Barpeta,Assam,2023,1,0.3820209205150604,21545
Bongaigaon,Assam,2023,1,0.38800790905952454,11656
Cachar,Assam,2023,1,0.3256252110004425,37572
Chirang,Assam,2023,1,0.5045327544212341,13870
Darrang,Assam,2023,1,0.34631994366645813,17864
Dhemaji,Assam,2023,1,0.1407155990600586,45360
Dhubri,Assam,2023,1,0.27611613273620605,39690
Dibrugarh,Assam,2023,1,1.1495298147201538,32856
Dima Hasao,Assam,2023,1,0.1755291074514389,47380
Goalpara,Assam,2023,1,0.4536874294281006,19824
Golaghat,Assam,2023,1,0.4315822720527649,58050
Hailakandi,Assam,2023,1,0.22527840733528137,15840
Jorhat,Assam,2023,1,0.37193357944488525,31356
Kamrup,Assam,2023,1,0.39172297716140747,42600
Kamrup Metropolitan,Assam,2023,1,1.6602474451065063,8246
Karbi Anglong,Assam,2023,1,0.21297264099121094,109620
Karimganj,Assam,2023,1,0.43665000796318054,14651
Kokrajhar,Assam,2023,1,0.3502987325191498,31164
Lakhimpur,Assam,2023,1,0.2422291487455368,36673
Morigaon,Assam,2023,1,0.34474262595176697,16280
Nagaon,Assam,2023,1,0.3412933051586151,52377
Nalbari,Assam,2023,1,0.3943297266960144,9936
Sivasagar,Assam,2023,1,0.5297330617904663,31960
Sonitpur,Assam,2023,1,0.4486561715602875,46243
Tinsukia,Assam,2023,1,0.971957266330719,34933
Udalguri,Assam,2023,1,0.3951983153820038,17600
Araria,Bihar,2023,1,0.6074153184890747,24804
Arwal,Bihar,2023,1,0.8307708501815796,6720
Aurangabad,Bihar,2023,1,0.900698721408844,28392
Banka,Bihar,2023,1,0.6701807379722595,23688
Begusarai,Bihar,2023,1,1.1647980213165283,23876
Bhagalpur,Bihar,2023,1,1.119507074356079,24200
Bhojpur,Bihar,2023,1,1.1355780363082886,19460
Buxar,Bihar,2023,1,0.7501739859580994,17818
Darbhanga,Bihar,2023,1,0.889295220375061,24957
Gaya,Bihar,2023,1,0.7702133059501648,50730
Gopalganj,Bihar,2023,1,0.6426734328269958,25305
Jamui,Bihar,2023,1,0.47775983810424805,35908
Jehanabad,Bihar,2023,1,1.5954973697662354,7216
Kaimur,Bihar,2023,1,0.5085107684135437,29190
Katihar,Bihar,2023,1,0.5486750602722168,34650
Khagaria,Bihar,2023,1,0.5602378845214844,16100
Kishanganj,Bihar,2023,1,0.3677206039428711,25217
Lakhisarai,Bihar,2023,1,0.8383239507675171,11748
Madhepura,Bihar,2023,1,0.6712464690208435,20049
Madhubani,Bihar,2023,1,0.7611103057861328,35100
Munger,Bihar,2023,1,0.8168477416038513,13936
Muzaffarpur,Bihar,2023,1,1.4389536380767822,25228
Nalanda,Bihar,2023,1,1.1445186138153076,21960
Nawada,Bihar,2023,1,0.64443439245224,26980
Pashchim Champaran,Bihar,2023,1,0.45912691950798035,50398
Patna,Bihar,2023,1,1.601415753364563,42496
Purba Champaran,Bihar,2023,1,0.8616689443588257,35880
Purnia,Bihar,2023,1,0.6379172205924988,35237
Rohtas,Bihar,2023,1,0.5221114158630371,48930
Saharsa,Bihar,2023,1,0.873224139213562,16029
Samastipur,Bihar,2023,1,0.8004499673843384,32376
Saran,Bihar,2023,1,0.9002788662910461,27504
Sheikhpura,Bihar,2023,1,0.9767552018165588,6512
Sheohar,Bihar,2023,1,0.8515545129776001,5616
Sitamarhi,Bihar,2023,1,0.08430038392543793,186200
Siwan,Bihar,2023,1,0.7844191193580627,21762
Supaul,Bihar,2023,1,0.6702967882156372,23220
Vaishali,Bihar,2023,1,1.3333942890167236,17673
Chandigarh,Chandigarh,2023,1,12.68669319152832,1152
Balod,Chhattisgarh,2023,1,0.36855530738830566,26144
Baloda Bazar,Chhattisgarh,2023,1,0.5668845176696777,48169
Balrampur,Chhattisgarh,2023,1,0.20983482897281647,77256
Bastar,Chhattisgarh,2023,1,0.3838595747947693,59082
Bemetara,Chhattisgarh,2023,1,0.48981973528862,32398
Bijapur,Chhattisgarh,2023,1,0.14544208347797394,72590
Bilaspur,Chhattisgarh,2023,1,0.414726585149765,105768
Dantewada,Chhattisgarh,2023,1,0.2633247971534729,35040
Dhamtari,Chhattisgarh,2023,1,0.2982301115989685,43608
Durg,Chhattisgarh,2023,1,1.7528369426727295,23808
Gariaband,Chhattisgarh,2023,1,0.1493309736251831,55185
Janjgir-Champa,Chhattisgarh,2023,1,0.8498407006263733,34404
Jashpur,Chhattisgarh,2023,1,0.31705018877983093,55902
Kabeerdham,Chhattisgarh,2023,1,0.43430840969085693,35621
Kondagaon,Chhattisgarh,2023,1,0.21954885125160217,43710
Korba,Chhattisgarh,2023,1,0.7542421221733093,54978
Koriya,Chhattisgarh,2023,1,0.2721098065376282,67830
Mahasamund,Chhattisgarh,2023,1,0.3860520124435425,54425
Mungeli,Chhattisgarh,2023,1,0.5801424384117126,27872
Narayanpur,Chhattisgarh,2023,1,0.13714700937271118,36050
Raigarh,Chhattisgarh,2023,1,0.5988890528678894,74200
Raipur,Chhattisgarh,2023,1,1.7776930332183838,32277
Rajnandgaon,Chhattisgarh,2023,1,0.3300919234752655,82585
Sukma,Chhattisgarh,2023,1,0.12541630864143372,58464
Surajpur,Chhattisgarh,2023,1,0.3169560134410858,56097
Surguja,Chhattisgarh,2023,1,0.4804742932319641,34875
Uttar Bastar Kanker,Chhattisgarh,2023,1,0.21527573466300964,70720
Dadra and Nagar Haveli,Dadra and Nagar Haveli,2023,1,1.5675387382507324,5700
Daman,Daman and Diu,2023,1,6.9098896980285645,546
Diu,Daman and Diu,2023,1,2.2095768451690674,260
North Goa,Goa,2023,1,1.1855930089950562,18816
South Goa,Goa,2023,1,0.7318757176399231,20020
Ahmadabad,Gujarat,2023,1,1.2021945714950562,106264
Amreli,Gujarat,2023,1,0.4607087969779968,65490
Anand,Gujarat,2023,1,1.0672308206558228,28034
Aravalli,Gujarat,2023,1,0.4323453903198242,33990
Banas Kantha,Gujarat,2023,1,0.4800090193748474,90100
Bharuch,Gujarat,2023,1,1.5756803750991821,48800
Bhavnagar,Gujarat,2023,1,0.545486330986023,69223
Botad,Gujarat,2023,1,0.43826889991760254,19040
Chhota Udaipur,Gujarat,2023,1,0.38483110070228577,32955
Dahod,Gujarat,2023,1,0.40219593048095703,38804
Devbhumi Dwarka,Gujarat,2023,1,0.7095061540603638,44345
Gandhinagar,Gujarat,2023,1,2.6579763889312744,17702
Gir Somnath,Gujarat,2023,1,0.8521051406860352,18683
Jamnagar,Gujarat,2023,1,0.8920031189918518,68684
Junagadh,Gujarat,2023,1,0.42531105875968933,71920
Kachchh,Gujarat,2023,1,0.3631438910961151,398952
Kheda,Gujarat,2023,1,0.7110902667045593,48640
Mahesana,Gujarat,2023,1,0.7897888422012329,55372
Mahisagar,Gujarat,2023,1,0.388590544462204,21228
Morbi,Gujarat,2023,1,0.9613860249519348,43800
Narmada,Gujarat,2023,1,0.3376312255859375,23265
Navsari,Gujarat,2023,1,0.7488130927085876,22302
Panch Mahals,Gujarat,2023,1,0.7165837287902832,27661
Patan,Gujarat,2023,1,0.35711464285850525,64082
Porbandar,Gujarat,2023,1,0.36450719833374023,34221
Rajkot,Gujarat,2023,1,0.6509215235710144,96642
Sabar Kantha,Gujarat,2023,1,0.41215837001800537,50904
Surat,Gujarat,2023,1,1.9662119150161743,49232
Surendranagar,Gujarat,2023,1,0.4249889552593231,98260
Tapi,Gujarat,2023,1,0.24501977860927582,49504
The Dangs,Gujarat,2023,1,0.21735937893390656,12535
Vadodara,Gujarat,2023,1,1.846754550933838,39984
Valsad,Gujarat,2023,1,0.9815274477005005,27784
Ambala,Haryana,2023,1,1.0850321054458618,23312
Bhiwani,Haryana,2023,1,0.6667202115058899,40222
Faridabad,Haryana,2023,1,2.2197206020355225,17710
Fatehabad,Haryana,2023,1,0.646338939666748,24742
Gurgaon,Haryana,2023,1,5.27250337600708,11808
Hisar,Haryana,2023,1,0.7779198884963989,41656
Jhajjar,Haryana,2023,1,1.013936161994934,21320
Jind,Haryana,2023,1,0.5355349779129028,37422
Kaithal,Haryana,2023,1,0.7156475782394409,23100
Karnal,Haryana,2023,1,1.3301594257354736,23408
Kurukshetra,Haryana,2023,1,0.9488314986228943,19760
Mahendragarh,Haryana,2023,1,0.7477608919143677,19360
Mewat,Haryana,2023,1,0.8216280341148376,19305
Palwal,Haryana,2023,1,1.3900063037872314,9360
Panchkula,Haryana,2023,1,1.4560383558273315,9506
Panipat,Haryana,2023,1,2.490771532058716,10240
Rewari,Haryana,2023,1,1.1075853109359741,15008
Rohtak,Haryana,2023,1,1.0587178468704224,16830
Sirsa,Haryana,2023,1,0.7406048774719238,36815
Sonipat,Haryana,2023,1,1.393418550491333,21112
Yamunanagar,Haryana,2023,1,1.0428025722503662,13056
Bilaspur,Himachal Pradesh,2023,1,0.4546528160572052,12126
Chamba,Himachal Pradesh,2023,1,0.23923516273498535,64473
Hamirpur,Himachal Pradesh,2023,1,0.31995689868927,12064
Kangra,Himachal Pradesh,2023,1,0.2886347472667694,67473
Kinnaur,Himachal Pradesh,2023,1,0.21689528226852417,70064
Kinnaur,Himachal Pradesh,2023,1,0.12997500598430634,2000
Kinnaur,Himachal Pradesh,2023,1,0.0991029366850853,2419
Kullu,Himachal Pradesh,2023,1,0.26363030076026917,58050
Lahul & Spiti,Himachal Pradesh,2023,1,0.16645555198192596,195842
Lahul & Spiti,Himachal Pradesh,2023,1,0.19116339087486267,2295
Mandi,Himachal Pradesh,2023,1,0.3054038882255554,37758
Shimla,Himachal Pradesh,2023,1,0.1967991292476654,73140
Sirmaur,Himachal Pradesh,2023,1,0.3004761040210724,30225
Solan,Himachal Pradesh,2023,1,0.6356471180915833,23550
Una,Himachal Pradesh,2023,1,0.41624054312705994,17952
Anantnag,Jammu and Kashmir,2023,1,0.4768197238445282,27051
Badgam,Jammu and Kashmir,2023,1,0.8560692071914673,11934
Bandipore,Jammu and Kashmir,2023,1,0.3084755539894104,24265
Baramulla,Jammu and Kashmir,2023,1,0.3914536237716675,29725
Doda,Jammu and Kashmir,2023,1,0.25557950139045715,31320
Ganderbal,Jammu and Kashmir,2023,1,0.4457698464393616,14697
Jammu,Jammu and Kashmir,2023,1,1.4401260614395142,28482
Kargil,Jammu and Kashmir,2023,1,0.17872628569602966,246560
Kathua,Jammu and Kashmir,2023,1,0.529656171798706,30245
Kishtwar,Jammu and Kashmir,2023,1,0.20548982918262482,96502
Kulgam,Jammu and Kashmir,2023,1,0.3943089246749878,14528
Kupwara,Jammu and Kashmir,2023,1,0.4018474221229553,26989
Leh (Ladakh),Jammu and Kashmir,2023,1,0.21060633659362793,540405
Poonch,Jammu and Kashmir,2023,1,0.3976076543331146,20720
Pulwama,Jammu and Kashmir,2023,1,1.0676722526550293,6633
Rajouri,Jammu and Kashmir,2023,1,0.5565615892410278,23828
Ramban,Jammu and Kashmir,2023,1,0.4558018743991852,9085
Reasi,Jammu and Kashmir,2023,1,0.3869752585887909,20686
Samba,Jammu and Kashmir,2023,1,1.4822485446929932,9882
Shupiyan,Jammu and Kashmir,2023,1,0.636016309261322,7626
Srinagar,Jammu and Kashmir,2023,1,2.2896361351013184,6018
Udhampur,Jammu and Kashmir,2023,1,0.5015652775764465,25810
Bokaro,Jharkhand,2023,1,1.3484604358673096,28380
Chatra,Jharkhand,2023,1,0.2810259461402893,44895
Deoghar,Jharkhand,2023,1,0.9838827848434448,20720
Dhanbad,Jharkhand,2023,1,2.044773578643799,17888
Dumka,Jharkhand,2023,1,0.4634314477443695,31520
Garhwa,Jharkhand,2023,1,0.2758541703224182,41830
Giridih,Jharkhand,2023,1,0.532304584980011,47085
Godda,Jharkhand,2023,1,0.7035715579986572,20064
Gumla,Jharkhand,2023,1,0.2281961292028427,51212
Hazaribagh,Jharkhand,2023,1,0.7252247929573059,47073
Jamtara,Jharkhand,2023,1,0.4979933202266693,18000
Khunti,Jharkhand,2023,1,0.3078966736793518,28545
Kodarma,Jharkhand,2023,1,0.5226293802261353,14448
Latehar,Jharkhand,2023,1,0.25552064180374146,41586
Lohardaga,Jharkhand,2023,1,0.4211035370826721,12768
Pakur,Jharkhand,2023,1,0.4142482876777649,18304
Palamu,Jharkhand,2023,1,0.48218339681625366,40392
Pashchimi Singhbhum,Jharkhand,2023,1,0.4415636956691742,56576
Purbi Singhbhum,Jharkhand,2023,1,0.8489207029342651,38606
Ramgarh,Jharkhand,2023,1,0.9105532765388489,20750
Ranchi,Jharkhand,2023,1,1.077683925628662,49800
Sahibganj,Jharkhand,2023,1,0.526883602142334,19558
Saraikela-kharsawan,Jharkhand,2023,1,0.6739541292190552,28851
Simdega,Jharkhand,2023,1,0.2360662966966629,31080
Bagalkot,Karnataka,2023,1,0.4508776366710663,74382
Bangalore,Karnataka,2023,1,13.622291564941406,16958
Bangalore Rural,Karnataka,2023,1,1.6206018924713135,29106
Belgaum,Karnataka,2023,1,0.5185328125953674,126665
Bellary,Karnataka,2023,1,0.6071059107780457,110466
Bidar,Karnataka,2023,1,0.6026338338851929,48952
Bijapur,Karnataka,2023,1,0.5080879926681519,87633
Chamrajnagar,Karnataka,2023,1,0.2700745761394501,58080
Chikballapura,Karnataka,2023,1,0.7117611169815063,36516
Chikmagalur,Karnataka,2023,1,0.30470260977745056,73304
Chitradurga,Karnataka,2023,1,0.48471033573150635,84591
Dakshina Kannada,Karnataka,2023,1,0.703092098236084,37800
Davanagere,Karnataka,2023,1,0.49667349457740784,80512
Dharwad,Karnataka,2023,1,1.001491904258728,32039
Gadag,Karnataka,2023,1,0.4709073603153229,42222
Gulbarga,Karnataka,2023,1,0.5181606411933899,99450
Hassan,Karnataka,2023,1,0.6418135762214661,64750
Haveri,Karnataka,2023,1,0.6464585661888123,41302
Kodagu,Karnataka,2023,1,0.1827094405889511,42946
Kolar,Karnataka,2023,1,1.0511597394943237,36180
Koppal,Karnataka,2023,1,0.48835688829421997,52961
Mandya,Karnataka,2023,1,0.6987859606742859,48441
Mysore,Karnataka,2023,1,0.6894180774688721,65046
Raichur,Karnataka,2023,1,0.4687354564666748,80115
Ramanagara,Karnataka,2023,1,0.9154216051101685,31144
Shimoga,Karnataka,2023,1,0.2937753200531006,76608
Tumkur,Karnataka,2023,1,0.5435721278190613,108185
Udupi,Karnataka,2023,1,0.3516084849834442,35909
Uttara Kannada,Karnataka,2023,1,0.2262956202030182,97790
Yadgir,Karnataka,2023,1,0.3576419949531555,52256
Alappuzha,Kerala,2023,1,0.6676022410392761,18909
Ernakulam,Kerala,2023,1,1.9195278882980347,19520
Idukki,Kerala,2023,1,0.22139500081539154,49068
Kannur,Kerala,2023,1,0.4067484438419342,27968
Kasaragod,Kerala,2023,1,0.3185725510120392,24344
Kollam,Kerala,2023,1,1.044098138809204,18513
Kottayam,Kerala,2023,1,0.7645494937896729,16206
Kozhikode,Kerala,2023,1,0.4350903034210205,23814
Malappuram,Kerala,2023,1,0.4528959095478058,34946
Palakkad,Kerala,2023,1,0.45562249422073364,46209
Pathanamthitta,Kerala,2023,1,0.5911336541175842,19786
Thiruvananthapuram,Kerala,2023,1,1.371817708015442,19305
Thrissur,Kerala,2023,1,0.6710258722305298,33075
Wayanad,Kerala,2023,1,0.2653571665287018,20608
Lakshadweep,Lakshadweep,2023,1,0.0005512777133844793,319222
Agar Malwa,Madhya Pradesh,2023,1,0.2925916910171509,33075
Alirajpur,Madhya Pradesh,2023,1,0.3292807638645172,30102
Anuppur,Madhya Pradesh,2023,1,0.501144289970398,21280
Ashoknagar,Madhya Pradesh,2023,1,0.4171627163887024,36091
Balaghat,Madhya Pradesh,2023,1,0.23067015409469604,96200
Barwani,Madhya Pradesh,2023,1,0.2974551320075989,53095
Betul,Madhya Pradesh,2023,1,0.2625233829021454,90216
Bhind,Madhya Pradesh,2023,1,0.4935043156147003,48160
Bhopal,Madhya Pradesh,2023,1,1.7853399515151978,22620
Burhanpur,Madhya Pradesh,2023,1,0.29068461060523987,25781
Chhatarpur,Madhya Pradesh,2023,1,0.3522094190120697,110693
Chhindwara,Madhya Pradesh,2023,1,0.3480793833732605,90954
Damoh,Madhya Pradesh,2023,1,0.3267827033996582,67921
Datia,Madhya Pradesh,2023,1,0.4612218737602234,29520
Dewas,Madhya Pradesh,2023,1,0.40514448285102844,73160
Dhar,Madhya Pradesh,2023,1,0.4844050407409668,80460
Dindori,Madhya Pradesh,2023,1,0.18274256587028503,82992
East Nimar,Madhya Pradesh,2023,1,0.32701748609542847,60557
Guna,Madhya Pradesh,2023,1,0.4114930033683777,66304
Gwalior,Madhya Pradesh,2023,1,1.1096938848495483,36498
Harda,Madhya Pradesh,2023,1,0.3815177381038666,28536
Hoshangabad,Madhya Pradesh,2023,1,0.3660816550254822,66230
Indore,Madhya Pradesh,2023,1,1.9463437795639038,36036
Jabalpur,Madhya Pradesh,2023,1,0.8241279125213623,45584
Jhabua,Madhya Pradesh,2023,1,0.5350887775421143,28724
Katni,Madhya Pradesh,2023,1,0.4784332811832428,56079
Mandla,Madhya Pradesh,2023,1,0.29618510603904724,59436
Mandsaur,Madhya Pradesh,2023,1,0.393367737531662,60984
Morena,Madhya Pradesh,2023,1,0.31186604499816895,79919
Narsimhapur,Madhya Pradesh,2023,1,0.5071509480476379,44352
Neemuch,Madhya Pradesh,2023,1,0.4218057692050934,42120
Panna,Madhya Pradesh,2023,1,0.2996245324611664,69008
Raisen,Madhya Pradesh,2023,1,0.4191798269748688,80619
Rajgarh,Madhya Pradesh,2023,1,0.4919314980506897,49153
Ratlam,Madhya Pradesh,2023,1,0.4956076145172119,56400
Rewa,Madhya Pradesh,2023,1,0.5589014291763306,63840
Sagar,Madhya Pradesh,2023,1,0.46559038758277893,96099
Satna,Madhya Pradesh,2023,1,0.5307382941246033,74000
Sehore,Madhya Pradesh,2023,1,0.2467786967754364,103632
Seoni,Madhya Pradesh,2023,1,0.2646244466304779,86527
Shahdol,Madhya Pradesh,2023,1,0.2623266875743866,93378
Shajapur,Madhya Pradesh,2023,1,0.3915700614452362,33674
Sheopur,Madhya Pradesh,2023,1,0.2502231001853943,65265
Shivpuri,Madhya Pradesh,2023,1,0.3867764472961426,91000
Sidhi,Madhya Pradesh,2023,1,0.3538362383842468,50568
Singrauli,Madhya Pradesh,2023,1,0.6979902982711792,50398
Tikamgarh,Madhya Pradesh,2023,1,0.45909392833709717,59400
Ujjain,Madhya Pradesh,2023,1,0.6081586480140686,60256
Umaria,Madhya Pradesh,2023,1,0.2310895174741745,38843
Vidisha,Madhya Pradesh,2023,1,0.40689370036125183,60500
West Nimar,Madhya Pradesh,2023,1,0.3650509715080261,70184
Ahmadnagar,Maharashtra,2023,1,0.5651907324790955,183939
Akola,Maharashtra,2023,1,0.5879994034767151,53820
Amravati,Maharashtra,2023,1,0.4420514702796936,129648
Aurangabad,Maharashtra,2023,1,0.6451364159584045,97343
Bhandara,Maharashtra,2023,1,0.2547309398651123,68904
Bid,Maharashtra,2023,1,0.5036757588386536,103950
Buldana,Maharashtra,2023,1,0.5333974957466125,76650
Chandrapur,Maharashtra,2023,1,0.5623792409896851,87822
Dhule,Maharashtra,2023,1,0.3520526885986328,78325
Garhchiroli,Maharashtra,2023,1,0.19832082092761993,144004
Gondiya,Maharashtra,2023,1,0.35624635219573975,43608
Hingoli,Maharashtra,2023,1,0.48873379826545715,45113
Jalgaon,Maharashtra,2023,1,0.4464040696620941,108192
Jalna,Maharashtra,2023,1,0.46510353684425354,74683
Kolhapur,Maharashtra,2023,1,0.37496140599250793,83974
Latur,Maharashtra,2023,1,0.5999866724014282,61745
Mumbai City,Maharashtra,2023,1,18.37160873413086,920
Mumbai Suburban,Maharashtra,2023,1,17.06199836730957,3468
Nagpur,Maharashtra,2023,1,0.9536565542221069,93564
Nanded,Maharashtra,2023,1,0.3590835630893707,138690
Nandurbar,Maharashtra,2023,1,0.3011254370212555,71500
Nashik,Maharashtra,2023,1,0.864340603351593,124740
Osmanabad,Maharashtra,2023,1,0.3449729382991791,91694
Palghar,Maharashtra,2023,1,0.9141167402267456,47443
Parbhani,Maharashtra,2023,1,0.5423077344894409,58911
Pune,Maharashtra,2023,1,1.4102410078048706,159642
Raigarh,Maharashtra,2023,1,1.2154431343078613,64272
Ratnagiri,Maharashtra,2023,1,0.22619788348674774,77520
Sangli,Maharashtra,2023,1,0.38900765776634216,104975
Satara,Maharashtra,2023,1,0.5119250416755676,86264
Sindhudurg,Maharashtra,2023,1,0.17163166403770447,55845
Solapur,Maharashtra,2023,1,0.6709142923355103,151639
Thane,Maharashtra,2023,1,2.218498468399048,42978
Wardha,Maharashtra,2023,1,0.46443429589271545,72474
Washim,Maharashtra,2023,1,0.4015694856643677,57681
Yavatmal,Maharashtra,2023,1,0.417019784450531,136640
Bishnupur,Manipur,2023,1,0.5665954947471619,5014
Chandel,Manipur,2023,1,0.20377950370311737,31266
Churachandpur,Manipur,2023,1,0.19897764921188354,40515
Imphal East,Manipur,2023,1,0.18013615906238556,30702
Imphal West,Manipur,2023,1,1.0458654165267944,6552
Senapati,Manipur,2023,1,0.18968400359153748,49400
Tamenglong,Manipur,2023,1,0.15131954848766327,45864
Thoubal,Manipur,2023,1,0.5070279240608215,9044
Ukhrul,Manipur,2023,1,0.18799182772636414,44080
East Garo Hills,Meghalaya,2023,1,0.2866378724575043,22230
East Khasi Hills,Meghalaya,2023,1,0.4298355281352997,26578
Jaintia Hills,Meghalaya,2023,1,0.26758623123168945,38214
North Garo Hills,Meghalaya,2023,1,0.3634871542453766,6372
Ri Bhoi,Meghalaya,2023,1,0.26027366518974304,26565
South Garo Hills,Meghalaya,2023,1,0.25670766830444336,16830
South West Garo Hills,Meghalaya,2023,1,0.46457672119140625,5032
South West Khasi Hills,Meghalaya,2023,1,0.21281428635120392,12870
West Garo Hills,Meghalaya,2023,1,0.3466005325317383,26201
West Khasi Hills,Meghalaya,2023,1,0.1987902969121933,35620
Aizawl,Mizoram,2023,1,0.16880309581756592,37630
Champhai,Mizoram,2023,1,0.17605292797088623,27666
Kolasib,Mizoram,2023,1,0.17933423817157745,12467
Lawangtlai,Mizoram,2023,1,0.12173357605934143,21470
Lunglei,Mizoram,2023,1,0.13325631618499756,43362
Mamit,Mizoram,2023,1,0.16058513522148132,24644
Saiha,Mizoram,2023,1,0.1361326277256012,19437
Serchhip,Mizoram,2023,1,0.10944902896881104,17787
Dimapur,Nagaland,2023,1,0.7425364851951599,9048
Kiphire,Nagaland,2023,1,0.1810927540063858,12528
Kohima,Nagaland,2023,1,0.3621888756752014,11956
Longleng,Nagaland,2023,1,0.20819109678268433,6656
Mokokchung,Nagaland,2023,1,0.25587379932403564,15707
Mon,Nagaland,2023,1,0.22779680788516998,20384
Peren,Nagaland,2023,1,0.16245995461940765,18476
Phek,Nagaland,2023,1,0.23011383414268494,16340
Tuensang,Nagaland,2023,1,0.20823782682418823,21150
Wokha,Nagaland,2023,1,0.2653167247772217,16324
Zunheboto,Nagaland,2023,1,0.27192065119743347,15609
West,NCT of Delhi,2023,1,14.559386253356934,14030
Anugul,Odisha,2023,1,0.4742439091205597,75344
Balangir,Odisha,2023,1,0.4948621988296509,53297
Baleshwar,Odisha,2023,1,0.3489401340484619,60384
Bargarh,Odisha,2023,1,0.2774091064929962,75522
Bauda,Odisha,2023,1,0.19398969411849976,36875
Bhadrak,Odisha,2023,1,0.5793201327323914,22386
Cuttack,Odisha,2023,1,0.6500486135482788,54855
Debagarh,Odisha,2023,1,0.2433421015739441,26166
Dhenkanal,Odisha,2023,1,0.6588810682296753,37518
Gajapati,Odisha,2023,1,0.24445712566375732,33654
Ganjam,Odisha,2023,1,0.43785151839256287,79502
Jagatsinghapur,Odisha,2023,1,1.3724675178527832,18232
Jajapur,Odisha,2023,1,1.016626238822937,32461
Jharsuguda,Odisha,2023,1,0.8479820489883423,26562
Kalahandi,Odisha,2023,1,0.27584946155548096,93024
Kandhamal,Odisha,2023,1,0.19454097747802734,71273
Kendrapara,Odisha,2023,1,0.4388340711593628,24805
Kendujhar,Odisha,2023,1,0.522400975227356,79499
Khordha,Odisha,2023,1,0.6708145141601562,50508
Koraput,Odisha,2023,1,0.36418747901916504,77440
Malkangiri,Odisha,2023,1,0.2151225358247757,57120
Mayurbhanj,Odisha,2023,1,0.24567042291164398,114924
Nabarangapur,Odisha,2023,1,0.28952905535697937,56608
Nayagarh,Odisha,2023,1,0.25435325503349304,38610
Nuapada,Odisha,2023,1,0.33327415585517883,33920
Puri,Odisha,2023,1,0.33030253648757935,54074
Rayagada,Odisha,2023,1,0.2359604388475418,71446
Sambalpur,Odisha,2023,1,0.410357266664505,71675
Subarnapur,Odisha,2023,1,0.2735307812690735,31557
Sundargarh,Odisha,2023,1,0.5639176964759827,100776
Karaikal,Puducherry,2023,1,1.8114519119262695,1591
Mahe,Puducherry,2023,1,0.2945377826690674,2250
Puducherry,Puducherry,2023,1,2.3963301181793213,2496
Yanam,Puducherry,2023,1,1.2748960256576538,480
Amritsar,Punjab,2023,1,1.547076940536499,28907
Barnala,Punjab,2023,1,0.8853238224983215,13680
Bathinda,Punjab,2023,1,1.5093213319778442,35100
Faridkot,Punjab,2023,1,0.7128860950469971,15904
Fatehgarh Sahib,Punjab,2023,1,0.7951973080635071,15004
Fazilka,Punjab,2023,1,0.8097290992736816,24252
Firozpur,Punjab,2023,1,0.702853262424469,34048
Gurdaspur,Punjab,2023,1,0.8250805735588074,25137
Hoshiarpur,Punjab,2023,1,0.4134039878845215,48108
Jalandhar,Punjab,2023,1,1.204609751701355,33228
Kapurthala,Punjab,2023,1,0.5440760254859924,29568
Ludhiana,Punjab,2023,1,2.3780722618103027,26640
Mansa,Punjab,2023,1,0.5152220726013184,23667
Moga,Punjab,2023,1,1.0540424585342407,18375
Muktsar,Punjab,2023,1,0.7167162895202637,25392
Pathankot,Punjab,2023,1,0.5975276827812195,17850
Patiala,Punjab,2023,1,0.8898544311523438,43014
Rupnagar,Punjab,2023,1,0.7117986679077148,18036
Sahibzada Ajit Singh Nagar,Punjab,2023,1,2.5415725708007812,14664
Sangrur,Punjab,2023,1,0.813896656036377,35805
Shahid Bhagat Singh Nagar,Punjab,2023,1,0.8561139702796936,13528
Tarn Taran,Punjab,2023,1,1.1737921237945557,21830
Ajmer,Rajasthan,2023,1,0.5455873608589172,111012
Alwar,Rajasthan,2023,1,0.828219473361969,73080
Banswara,Rajasthan,2023,1,0.48842352628707886,40768
Baran,Rajasthan,2023,1,0.396108478307724,71920
Barmer,Rajasthan,2023,1,0.2756770849227905,297238
Bharatpur,Rajasthan,2023,1,0.474049836397171,56604
Bhilwara,Rajasthan,2023,1,0.656182050704956,79921
Bikaner,Rajasthan,2023,1,0.3345545530319214,246848
Bundi,Rajasthan,2023,1,0.4022638499736786,54570
Chittaurgarh,Rajasthan,2023,1,0.45516249537467957,95763
Churu,Rajasthan,2023,1,0.28637823462486267,186798
Dausa,Rajasthan,2023,1,0.5013207793235779,45526
Dhaulpur,Rajasthan,2023,1,0.28359174728393555,36144
Dungarpur,Rajasthan,2023,1,0.43113452196121216,40590
Ganganagar,Rajasthan,2023,1,0.3161967098712921,144228
Hanumangarh,Rajasthan,2023,1,0.2730259299278259,106216
Jaipur,Rajasthan,2023,1,1.2560979127883911,113533
Jaisalmer,Rajasthan,2023,1,0.22218382358551025,359988
Jalor,Rajasthan,2023,1,0.23976661264896393,132820
Jhalawar,Rajasthan,2023,1,0.27726688981056213,96212
Jhunjhunun,Rajasthan,2023,1,0.636317789554596,54438
Jodhpur,Rajasthan,2023,1,0.5596254467964172,212925
Karauli,Rajasthan,2023,1,0.38099515438079834,50848
Kota,Rajasthan,2023,1,0.5982335805892944,72303
Nagaur,Rajasthan,2023,1,0.40479961037635803,168792
Pali,Rajasthan,2023,1,0.30659347772598267,159900
Pratapgarh,Rajasthan,2023,1,0.33871543407440186,39648
Rajsamand,Rajasthan,2023,1,0.4879048764705658,58956
Sawai Madhopur,Rajasthan,2023,1,0.3190571665763855,52819
Sikar,Rajasthan,2023,1,0.4919070601463318,88660
Sirohi,Rajasthan,2023,1,0.42622092366218567,51272
Tonk,Rajasthan,2023,1,0.37951457500457764,62488
Udaipur,Rajasthan,2023,1,0.5178748965263367,110802
East Sikkim,Sikkim,2023,1,0.4436083137989044,8073
North Sikkim,Sikkim,2023,1,0.18883565068244934,33847
South Sikkim,Sikkim,2023,1,0.37586280703544617,7128
West Sikkim,Sikkim,2023,1,0.2336726188659668,9922
Ariyalur,Tamil Nadu,2023,1,0.7860971689224243,17931
Chennai,Tamil Nadu,2023,1,21.529285430908203,1485
Coimbatore,Tamil Nadu,2023,1,1.0563209056854248,36322
Cuddalore,Tamil Nadu,2023,1,0.7366946935653687,40991
Dharmapuri,Tamil Nadu,2023,1,0.4599359929561615,46440
Dindigul,Tamil Nadu,2023,1,0.5967127084732056,50372
Erode,Tamil Nadu,2023,1,0.5346274971961975,58950
Kancheepuram,Tamil Nadu,2023,1,2.490342140197754,38233
Kanniyakumari,Tamil Nadu,2023,1,0.9754422903060913,14040
Karur,Tamil Nadu,2023,1,0.6476927995681763,26733
Krishnagiri,Tamil Nadu,2023,1,0.7592774033546448,52128
Madurai,Tamil Nadu,2023,1,0.6441409587860107,43318
Nagappattinam,Tamil Nadu,2023,1,0.5621938109397888,26315
Namakkal,Tamil Nadu,2023,1,0.9297556281089783,27213
Perambalur,Tamil Nadu,2023,1,0.5946795344352722,14820
Pudukkottai,Tamil Nadu,2023,1,0.46655040979385376,43014
Ramanathapuram,Tamil Nadu,2023,1,0.21110351383686066,66126
Salem,Tamil Nadu,2023,1,1.0296121835708618,45920
Sivaganga,Tamil Nadu,2023,1,0.350403368473053,46010
Thanjavur,Tamil Nadu,2023,1,0.42527034878730774,48192
The Nilgiris,Tamil Nadu,2023,1,0.29277610778808594,23688
Theni,Tamil Nadu,2023,1,0.43498465418815613,22848
Thiruvallur,Tamil Nadu,2023,1,1.78102707862854,39216
Thiruvarur,Tamil Nadu,2023,1,0.6915723085403442,21700
Thoothukkudi,Tamil Nadu,2023,1,0.6518173217773438,43344
Tiruchirappalli,Tamil Nadu,2023,1,0.6590492725372314,54940
Tirunelveli,Tamil Nadu,2023,1,0.5953348278999329,60783
Tiruppur,Tamil Nadu,2023,1,0.9554098844528198,57240
Tiruvannamalai,Tamil Nadu,2023,1,0.4907864034175873,58050
Vellore,Tamil Nadu,2023,1,0.5743732452392578,76028
Viluppuram,Tamil Nadu,2023,1,0.5623674392700195,76608
Virudunagar,Tamil Nadu,2023,1,0.6122195720672607,36778
Adilabad,Telangana,2023,1,0.37594303488731384,158834
Hyderabad,Telangana,2023,1,29.104312896728516,1591
Karimnagar,Telangana,2023,1,0.7208548784255981,115632
Khammam,Telangana,2023,1,0.26473936438560486,217316
Mahbubnagar,Telangana,2023,1,0.6011638641357422,162240
Medak,Telangana,2023,1,1.095189094543457,84854
Nalgonda,Telangana,2023,1,0.7018080353736877,122144
Nizamabad,Telangana,2023,1,0.7253335118293762,62272
Ranga Reddy,Telangana,2023,1,2.720850706100464,75031
Warangal,Telangana,2023,1,0.46508505940437317,137462
Dhalai,Tripura,2023,1,0.27244555950164795,23283
Gomati,Tripura,2023,1,0.32148873805999756,20574
Khowai,Tripura,2023,1,0.5151588320732117,10200
North Tripura,Tripura,2023,1,0.32841619849205017,13632
Sipahijala,Tripura,2023,1,0.5513727068901062,12566
South Tripura,Tripura,2023,1,0.4765774607658386,15351
Unokoti,Tripura,2023,1,0.4182974100112915,7700
West Tripura,Tripura,2023,1,1.4339438676834106,8484
Agra,Uttar Pradesh,2023,1,0.8146944642066956,45962
Aligarh,Uttar Pradesh,2023,1,0.8105537295341492,39730
Allahabad,Uttar Pradesh,2023,1,1.1024422645568848,45828
Ambedkar Nagar,Uttar Pradesh,2023,1,0.6040825247764587,26180
Amethi,Uttar Pradesh,2023,1,0.6487178802490234,32930
Amroha,Uttar Pradesh,2023,1,0.6344249248504639,29388
Auraiya,Uttar Pradesh,2023,1,0.761042594909668,23970
Azamgarh,Uttar Pradesh,2023,1,0.6198809742927551,39991
Baghpat,Uttar Pradesh,2023,1,1.3007503747940063,10875
Bahraich,Uttar Pradesh,2023,1,0.2616563141345978,60912
Ballia,Uttar Pradesh,2023,1,0.5949636697769165,35496
Balrampur,Uttar Pradesh,2023,1,0.423432856798172,34560
Banda,Uttar Pradesh,2023,1,0.35961011052131653,49500
Barabanki,Uttar Pradesh,2023,1,0.6707122325897217,45652
Bareilly,Uttar Pradesh,2023,1,0.9594098925590515,38247
Basti,Uttar Pradesh,2023,1,0.6457241773605347,21294
Bijnor,Uttar Pradesh,2023,1,0.5815176963806152,41768
Budaun,Uttar Pradesh,2023,1,0.4752148985862732,44400
Bulandshahr,Uttar Pradesh,2023,1,1.0786076784133911,33384
Chandauli,Uttar Pradesh,2023,1,0.662290096282959,25807
Chitrakoot,Uttar Pradesh,2023,1,0.3069230020046234,33549
Deoria,Uttar Pradesh,2023,1,0.6602603793144226,27692
Etah,Uttar Pradesh,2023,1,0.44916242361068726,30624
Etawah,Uttar Pradesh,2023,1,0.9263457655906677,18669
Faizabad,Uttar Pradesh,2023,1,0.9149969816207886,20370
Farrukhabad,Uttar Pradesh,2023,1,0.6205190420150757,20385
Fatehpur,Uttar Pradesh,2023,1,0.38989898562431335,51300
Firozabad,Uttar Pradesh,2023,1,0.8454704284667969,31824
Gautam Buddha Nagar,Uttar Pradesh,2023,1,5.467322826385498,16352
Ghaziabad,Uttar Pradesh,2023,1,4.091930389404297,9300
Ghazipur,Uttar Pradesh,2023,1,0.664405882358551,30814
Gonda,Uttar Pradesh,2023,1,0.5886793732643127,42880
Gorakhpur,Uttar Pradesh,2023,1,1.603380799293518,27405
Hamirpur,Uttar Pradesh,2023,1,0.3871464133262634,43976
Hapur,Uttar Pradesh,2023,1,1.512739658355713,12480
Hardoi,Uttar Pradesh,2023,1,0.5091242790222168,59458
Hathras,Uttar Pradesh,2023,1,0.5581612586975098,20748
Jalaun,Uttar Pradesh,2023,1,0.505652666091919,40261
Jaunpur,Uttar Pradesh,2023,1,0.5670865178108215,45396
Jhansi,Uttar Pradesh,2023,1,0.6354777216911316,54607
Kannauj,Uttar Pradesh,2023,1,0.7712661027908325,18870
Kanpur Dehat,Uttar Pradesh,2023,1,0.690946102142334,28836
Kanpur Nagar,Uttar Pradesh,2023,1,1.2861639261245728,41076
Kasganj,Uttar Pradesh,2023,1,0.4119608998298645,21480
Kaushambi,Uttar Pradesh,2023,1,1.1517415046691895,24472
Kushinagar,Uttar Pradesh,2023,1,0.45212066173553467,39096
Lakhimpur Kheri,Uttar Pradesh,2023,1,0.4845523536205292,75152
Lalitpur,Uttar Pradesh,2023,1,0.3336208760738373,50148
Lucknow,Uttar Pradesh,2023,1,3.7197349071502686,25122
Maharajganj,Uttar Pradesh,2023,1,0.5894714593887329,27832
Mahoba,Uttar Pradesh,2023,1,0.46852588653564453,28560
Mainpuri,Uttar Pradesh,2023,1,0.7118516564369202,23530
Mathura,Uttar Pradesh,2023,1,1.1801964044570923,29736
Mau,Uttar Pradesh,2023,1,1.0068812370300293,17748
Meerut,Uttar Pradesh,2023,1,1.8442960977554321,21082
Mirzapur,Uttar Pradesh,2023,1,0.5036911964416504,43725
Moradabad,Uttar Pradesh,2023,1,1.2283546924591064,17820
Muzaffarnagar,Uttar Pradesh,2023,1,0.8957628011703491,27136
Pilibhit,Uttar Pradesh,2023,1,0.40190592408180237,37572
Pratapgarh,Uttar Pradesh,2023,1,0.4835294187068939,39664
Rae Bareli,Uttar Pradesh,2023,1,0.6249369978904724,35712
Rampur,Uttar Pradesh,2023,1,0.7438668608665466,26132
Saharanpur,Uttar Pradesh,2023,1,0.8839713335037231,40392
Sambhal,Uttar Pradesh,2023,1,0.48756030201911926,27946
Sant Kabir Nagar,Uttar Pradesh,2023,1,0.4674220085144043,14938
Sant Ravi Das Nagar,Uttar Pradesh,2023,1,0.935492992401123,10750
Shahjahanpur,Uttar Pradesh,2023,1,0.48427072167396545,59250
Shamli,Uttar Pradesh,2023,1,0.9735706448554993,10197
Shravasti,Uttar Pradesh,2023,1,0.5736035108566284,32016
Siddharth Nagar,Uttar Pradesh,2023,1,0.5064944624900818,29887
Sitapur,Uttar Pradesh,2023,1,0.6211193799972534,52260
Sonbhadra,Uttar Pradesh,2023,1,0.5166763067245483,61750
Sultanpur,Uttar Pradesh,2023,1,0.6683386564254761,28116
Unnao,Uttar Pradesh,2023,1,0.491248220205307,53261
Varanasi,Uttar Pradesh,2023,1,2.80454421043396,12700
Almora,Uttarakhand,2023,1,0.24180272221565247,33366
Bageshwar,Uttarakhand,2023,1,0.20996908843517303,25232
Chamoli,Uttarakhand,2023,1,0.2936798334121704,69552
Chamoli,Uttarakhand,2023,1,0.07754766196012497,1521
Champawat,Uttarakhand,2023,1,0.25594496726989746,14577
Dehradun,Uttarakhand,2023,1,0.8118702173233032,44322
Garhwal,Uttarakhand,2023,1,0.3318719267845154,52208
Hardwar,Uttarakhand,2023,1,1.156718134880066,26010
Nainital,Uttarakhand,2023,1,0.46516603231430054,41496
Pithoragarh,Uttarakhand,2023,1,0.19283527135849,91396
Pithoragarh,Uttarakhand,2023,1,0.18174999952316284,2520
Rudraprayag,Uttarakhand,2023,1,0.23997408151626587,13500
Tehri Garhwal,Uttarakhand,2023,1,0.24345260858535767,53730
Udham Singh Nagar,Uttarakhand,2023,1,0.6191234588623047,56028
Uttarkashi,Uttarakhand,2023,1,0.20208707451820374,78603
Uttarkashi,Uttarakhand,2023,1,0.20986497402191162,10738
Alipurduar,West Bengal,2023,1,0.467870831489563,22713
Bankura,West Bengal,2023,1,0.440379798412323,68355
Barddhaman,West Bengal,2023,1,0.9785065054893494,89539
Birbhum,West Bengal,2023,1,0.5266326069831848,57204
Dakshin Dinajpur,West Bengal,2023,1,0.5343428254127502,21000
Darjiling,West Bengal,2023,1,0.4030943512916565,40018
Haora,West Bengal,2023,1,1.7448254823684692,17018
Hugli,West Bengal,2023,1,0.9846057295799255,36632
Jalpaiguri,West Bengal,2023,1,0.7586974501609802,28160
Koch Bihar,West Bengal,2023,1,0.40223634243011475,40320
Kolkata,West Bengal,2023,1,21.64701271057129,1122
Maldah,West Bengal,2023,1,0.638602077960968,36040
Murshidabad,West Bengal,2023,1,0.6035333275794983,61650
Nadia,West Bengal,2023,1,0.6808400750160217,47817
North 24 Parganas,West Bengal,2023,1,0.9640560150146484,76035
Pashchim Medinipur,West Bengal,2023,1,0.5300734639167786,92127
Purba Medinipur,West Bengal,2023,1,0.8653047680854797,40330
Puruliya,West Bengal,2023,1,0.3879578411579132,61920
South 24 Parganas,West Bengal,2023,1,1.3192691802978516,50634
Uttar Dinajpur,West Bengal,2023,1,0.3915776014328003,52548
